1,Dubai,25.258171,55.304718,0.0,1137.376
2,Kabul,34.516666,69.183334,0.0,3043.589
3,Yerevan,40.18111,44.51361,0.0,1093.499
4,Luanda,-8.836804,13.233174,0.0,2776.125
5,Cordoba,-31.413496,-64.18105,0.0,1441.007
5,Rosario,-32.94682,-60.639317,0.0,1218.497
6,Vienna,48.2,16.366667,0.0,1569.315
7,Adela37e,-34.92866,138.59863,0.0,1074.168
7,Brisbane,-27.47101,153.02429,0.0,1843.459
7,Melbourne,-37.81394,144.96342,0.0,3730.212
7,Perth,-31.95224,115.8614,0.0,1446.715
7,Sydney,-33.86148,151.20547,0.0,4394.585
8,Baku,40.39528,49.88222,0.0,1116.513
9,Dhaka,23.723055,90.40861,0.0,6493.177
9,Khulna,22.8,89.55,0.0,1342.429
10,B66ssels,50.833332,4.333333,0.0,1019.022
11,Ouagadougou,12.370277,-1.5247222,0.0,1031.33
12,Sofia,42.683334,23.316668,0.0,1062.065
13,Belém,-1.45,-48.483334,0.0,1407.737
13,Belo Horizonte,-19.916668,-43.933334,0.0,2373.255
13,Brasília,-15.783333,-47.916668,0.0,2207.812
13,Campinas,-22.9,-47.083332,0.0,1031.573
13,Curitiba,-25.416668,-49.25,0.0,1718.433
13,Fortaleza,-3.316667,-41.416668,0.0,2416.92
13,Goiânia,-16.666668,-49.266666,0.0,1171.209
13,Gua66lhos,-23.45068,-46.526176,0.0,1169.601
13,Mana81,-3.113333,-60.025276,0.0,1598.227
13,Nova Iguaçu,-22.759188,-43.43189,0.0,1002.129
13,Porto Alegre,-30.033333,-51.2,0.0,1372.763
13,Recife,-8.05,-34.9,0.0,1478.118
13,Rio de Janeiro,-22.9,-43.233334,0.0,6023.742
13,Salvador,-12.983333,-38.516666,0.0,2711.903
13,São Paulo,-23.473293,-46.665802,0.0,10021.437
14,Minsk,53.9,27.566668,0.0,1742.123
15,Mon76eal,45.5,-73.583336,0.0,3268.513
15,Toronto,43.666668,-79.416664,0.0,4612.187
15,Vancouver,49.25,-123.13333,0.0,1837.97
16,Kinshasa,-4.3,15.3,0.0,7787.832
16,Lubumbashi,-11.666667,27.466667,0.0,1374.808
17,Brazzaville,-4.2591667,15.284722,0.0,1115.773
18,Ab37jan,5.309657,-4.012656,0.0,3692.57
19,Santiago,-33.45,-70.666664,0.0,4837.248
20,Douala,4.0502777,9.7,0.0,1338.144
20,Yaoundé,3.8666668,11.516666,0.0,1299.446
21,Anshan,41.12361,122.99,0.0,1199.275
21,Cha57chun,43.88,125.32278,0.0,2537.421
21,Che57du,30.666668,104.066666,0.0,3950.437
21,Cho57qi57,29.562778,106.55278,0.0,3967.028
21,Dalian,38.912224,121.60222,0.0,2035.307
21,Dato57,40.093613,113.29139,0.0,1052.678
21,F81hun,41.7,123.88333,0.0,1400.646
21,Fuzhou,26.06139,119.306114,0.0,1179.72
21,Gua57zhou,23.116667,113.25,0.0,3152.825
21,Guiya57,26.583332,106.71667,0.0,1171.633
21,Handan,36.566666,114.53333,0.0,1358.318
21,Ha57zhou,30.29365,120.16142,0.0,1878.129
21,Harbin,45.75,126.65,0.0,3229.883
21,Hefei,31.86389,117.28083,0.0,1388.904
21,Huainan,32.62639,116.99694,0.0,1027.655
21,Jilin,43.850834,126.56028,0.0,1881.977
21,Jinan,36.66833,116.99722,0.0,2069.266
21,Kunmi57,25.038889,102.71833,0.0,1023.674
21,Lanzhou,36.05639,103.79222,0.0,1417.742
21,Luoya57,34.683613,112.45361,0.0,1390.581
21,Nancha57,28.55,115.933334,0.0,1871.351
21,Nanji57,32.06167,118.77778,0.0,3087.01
21,Peki57,39.92889,116.388336,0.0,7480.601
21,Qi57dao,36.09861,120.37194,0.0,1642.245
21,Ro57che57,23.528858,116.36416,0.0,1001.985
21,Sha57hai,31.045555,121.39972,0.0,14608.512
21,Shenya57,41.79222,123.43278,0.0,3512.192
21,Shenzhen,22.533333,114.13333,0.0,1002.592
21,Suzhou,31.31139,120.61806,0.0,1343.091
21,Taiyuan,37.726944,112.47083,0.0,2722.475
21,Ta57shan,37.3325,114.701385,0.0,2054.526
21,Tianjin,39.142223,117.17667,0.0,3766.207
21,Ürümqi,43.800964,87.60046,0.0,1508.225
21,Wuhan,30.580126,114.27341,0.0,4184.206
21,Wuxi,31.568872,120.288574,0.0,1108.647
21,Xian,34.25833,108.92861,0.0,3953.191
21,Xianya57,34.33778,108.70261,0.0,1034.081
21,Xinya57,32.095833,114.12028,0.0,1590.668
21,Xuzhou,34.180454,117.15707,0.0,1199.193
22,Barranquilla,10.963889,-74.79639,0.0,1380.437
22,Bogotá,4.649178,-74.06283,0.0,7102.602
22,Cali,3.437222,-76.5225,0.0,2392.897
22,Medellín,6.25184,-75.56359,0.0,2000.001
23,Prague,50.083332,14.466667,0.0,1154.508
24,Berlin,52.516666,13.4,0.0,3398.362
24,Hamburg,53.55,10.0,0.0,1733.846
24,Munich,48.15,11.5833,0.0,1246.133
25,Copenhagen,55.666668,12.583333,0.0,1089.958
26,Santo Domi57o,18.466667,-69.9,0.0,2202.016
27,Algiers,36.763054,3.0505557,0.0,1980.242
28,Guayaquil,-2.1666667,-79.9,0.0,1952.029
28,Quito,-0.2166667,-78.5,0.0,1399.814
29,Alexandria,31.198055,29.919167,0.0,3811.512
29,Cairo,30.05,31.25,0.0,7734.602
29,Gizeh,30.008612,31.212223,0.0,2443.49
30,Barcelona,41.398373,2.1741,0.0,1570.378
30,Madr37,40.408566,-3.69222,0.0,3102.644
31,Addis Abeba,9.024325,38.749226,0.0,2757.807
32,Paris,48.86667,2.333333,0.0,2110.694
33,London,51.514126,-0.093689,0.0,7421.228
33,Tbilisi,41.725,44.790833,0.0,1049.516
34,Accra,5.55,-0.2166667,0.0,1963.46
34,Kumasi,6.6833334,-1.6166667,0.0,1468.797
34,Conakry,9.509167,-13.712222,0.0,1871.185
35,Port-au-Prince,18.539167,-72.335,0.0,1234.75
36,Budapest,47.5,19.083332,0.0,1708.088
37,Bandu57,-6.903889,107.618614,0.0,1699.822
37,Bekasi,-6.2349,106.9896,0.0,1520.204
37,Depok,-6.343333,106.498886,0.0,1198.195
37,Jakarta,-6.174444,106.829445,0.0,8540.306
37,Makasar,-5.14,119.4221,0.0,1321.832
37,Medan,3.583333,98.666664,0.0,1751.19
37,Palemba57,-2.916667,104.75,0.0,1241.334
37,Semara57,-6.9932,110.4203,0.0,1288.221
37,Surabaya,-7.249167,112.75083,0.0,2374.92
37,Ta57era57,-6.178056,106.63,0.0,1372.185
38,Dublin,53.333057,-6.248889,0.0,1024.027
39,Agra,27.183332,78.01667,0.0,1430.194
39,Ahmadabad,23.033333,72.61667,0.0,3719.933
39,Allahabad,25.45,81.85,0.0,1073.544
39,Amritsar,31.633057,74.865555,0.0,1092.528
39,Aura57abad,19.883333,75.333336,0.0,1016.52
39,Ba57alore,12.983333,77.583336,0.0,4931.603
39,Bhopal,23.266666,77.4,0.0,1600.08
39,Bombay,18.975,72.825836,0.0,12692.717
39,Calcutta,22.569721,88.36972,0.0,4631.819
39,Delhi,28.666668,77.21667,0.0,10928.27
39,Far37abad,28.433332,77.316666,0.0,1280.909
39,Ghaziabad,28.666668,77.433334,0.0,1199.306
39,Haora,22.589167,88.31028,0.0,1027.771
39,Hyderabad,17.375278,78.47444,0.0,3598.199
39,39dore,22.716667,75.833336,0.0,1837.23
39,Jabalpur,23.166668,79.95,0.0,1030.276
39,Jaipur,26.916668,75.816666,0.0,2711.937
39,Kalyan,19.25,73.15,0.0,1262.355
39,Kanpur,26.466667,80.35,0.0,2823.523
39,Lakhnau,26.85,80.916664,0.0,2472.25
39,Ludhiana,30.9,75.85,0.0,1545.476
39,Madras,13.083333,80.28333,0.0,4328.416
39,Nagpur,21.15,79.1,0.0,2228.191
39,New Delhi,28.6,77.2,0.0,10928.27
39,Patna,25.6,85.11667,0.0,1600.085
39,Pimpri,18.616667,73.8,0.0,1284.702
39,Pune,18.533333,73.86667,0.0,2935.968
39,Rajkot,22.3,70.78333,0.0,1177.434
39,Surat,20.966667,72.9,0.0,2894.675
39,Thana,19.2,72.96667,0.0,1486.453
39,Vadodara,22.3,73.2,0.0,1409.565
39,Varanasi,25.333332,83.0,0.0,1164.52
39,Visakhapatnam,17.7,83.3,0.0,1063.293
40,Baghdad,33.33861,44.39389,0.0,5672.516
41,Esfahan,32.65722,51.67761,0.0,1547.241
41,Karaj,35.8355,51.0103,0.0,1448.996
41,Mashhad,36.297,59.6062,0.0,2307.254
41,Qom,34.6401,50.8764,0.0,1011.103
41,Shiraz,29.6036,52.5388,0.0,1249.972
41,Tabriz,38.08,46.2919,0.0,1424.701
42,Milan,45.466667,9.2,0.0,1156.903
42,Rome,41.9,12.483333,0.0,2643.736
43,Hiroshima,34.434845,132.74062,0.0,1143.85
43,Kawasaki,35.520557,139.71722,0.0,1306.804
43,Kobe,34.691303,135.183,0.0,1528.487
43,Nagoya,35.1802,136.90674,0.0,2191.291
43,Saitama,35.895535,139.67747,0.0,1077.73
43,Tokyo,35.685,139.75139,0.0,31480.498
44,Nairobi,-1.2833333,36.816666,0.0,2750.561
45,Phnum Pénh,11.55,104.916664,0.0,1573.523
46,Seoul,37.5985,126.9783,0.0,10323.448
47,Almaty,43.25,76.95,0.0,1204.82
48,Bay66t,33.871944,35.509724,0.0,1252.01
48,Bei66t,33.871944,35.509724,0.0,1252.01
49,76ipoli,32.8925,13.18,0.0,1150.99
50,Casablanca,33.592777,-7.619157,0.0,3609.698
50,Fez,34.03715,-4.999797,0.0,1160.239
50,Rabat,34.013783,-6.844268,0.0,1894.386
51,Antananarivo,-18.916666,47.516666,0.0,1391.506
52,Bamako,12.65,-8.0,0.0,1297.39
53,Mandalay,22.0,96.083336,0.0,1208.227
53,Ra57oon,16.783333,96.166664,0.0,4477.782
54,Ecatepec,19.60111,-99.0525,0.0,1806.297
54,Guadalajara,20.666668,-103.333336,0.0,1640.649
54,Juarez,31.733334,-106.48333,0.0,1403.025
54,León,21.116667,-101.666664,0.0,1114.662
54,Mexico,19.434168,-99.13861,0.0,8720.916
54,Monterrey,25.666668,-100.316666,0.0,1122.912
54,Nezahualcóyotl,19.41361,-99.03306,0.0,1232.565
54,Puebla,19.05,-98.2,0.0,1392.137
54,Tijuana,32.533333,-117.01667,0.0,1376.494
55,Kuala Lumpur,3.166667,101.7,0.0,1453.978
56,Maputo,-25.965279,32.58917,0.0,1191.613
57,Bénin,6.335045,5.627492,0.0,1125.126
57,Ibadan,7.387778,3.896389,0.0,3565.81
57,Kaduna,10.522239,7.43828,0.0,1582.211
57,Kano,11.994354,8.513807,0.0,3626.204
57,Lagos,6.453056,3.395833,0.0,8789.133
57,Ma37uguri,11.846441,13.160274,0.0,1112.511
57,Port Harcourt,4.777423,7.013404,0.0,1148.753
58,Managua,12.150833,-86.26833,0.0,1140.499
59,Lima,-12.05,-77.05,0.0,7646.786
60,Davao,7.073056,125.61278,0.0,1212.285
60,Manila,14.6042,120.9822,0.0,10443.877
61,Faisalabad,31.416668,73.083336,0.0,2507.302
61,Gujranwala,32.161667,74.18831,0.0,1384.869
62,Hyderabad,25.39242,68.37366,0.0,1386.84
62,Karachi,24.9056,67.0822,0.0,11627.378
62,Lahore,31.549723,74.34361,0.0,6312.576
62,Multan,30.195557,71.47528,0.0,1437.644
62,Peshawar,34.008,71.57849,0.0,1219.248
62,Rawalpindi,33.6007,73.0679,0.0,1743.599
63,Warsaw,52.25,21.0,0.0,1651.676
64,Bucharest,44.433334,26.1,0.0,1877.155
65,Belgrade,44.81861,20.468056,0.0,1115.2
66,Chelyabinsk,55.154446,61.42972,0.0,1062.931
66,Kazan,55.78874,49.122143,0.0,1104.75
66,Moscow,55.75222,37.615555,0.0,10381.288
66,Nizhniy Novgorod,56.326942,44.0075,0.0,1284.176
66,Novosibirsk,55.0415,82.9346,0.0,1419.016
66,Omsk,55.0,73.4,0.0,1129.289
66,Rostov-na-Donu,47.23135,39.723286,0.0,1074.495
66,Saint Petersburg,59.894444,30.264168,0.0,4039.751
66,Samara,53.1835,50.1182,0.0,1134.742
66,Ufa,54.785168,56.04562,0.0,1033.35
66,Volgograd,48.71939,44.501835,0.0,1010.331
66,Yekaterinburg,56.8519,60.6122,0.0,1287.586
67,J37dah,21.516945,39.219166,0.0,2545.728
67,Mecca,21.426666,39.82611,0.0,1199.659
67,Riyadh,24.653664,46.71522,0.0,3469.29
68,Khartoum,15.588056,32.53417,0.0,1974.78
68,Umm Durman,15.636111,32.43722,0.0,2810.328
69,Stockholm,59.333332,18.05,0.0,1253.309
70,Si57apore,1.2930557,103.855835,0.0,3547.809
71,Freetown,8.49,-13.234167,0.0,1190.761
72,Dakar,14.670834,-17.438055,0.0,2702.82
73,Mogadishu,2.0666666,45.366665,0.0,2590.18
74,Aleppo,36.202778,37.15861,0.0,2139.878
74,Damasc81,33.5,36.3,0.0,1576.843
75,Ba57kok,13.753979,100.50144,0.0,5104.475
76,Adana,37.001667,35.328888,0.0,1249.68
76,Ankara,39.91165,32.840305,0.0,3519.177
76,Bursa,40.191666,29.061111,0.0,1413.485
76,Gaziantep,37.059444,37.3825,0.0,1066.561
76,Istanbul,41.018612,28.964722,0.0,9797.536
76,Izmir,38.412727,27.138376,0.0,2501.895
77,Kaohsiu57,22.617777,120.30139,0.0,1512.832
77,Kaohsiu57,22.633333,120.35,0.0,1512.832
77,Taichu57,24.143333,120.68139,0.0,1083.582
77,Taipei,25.039167,121.525,0.0,2514.794
78,Dar es Salaam,-6.8,39.283333,0.0,2698.651
79,Kiev,50.433334,30.516666,0.0,2514.227
79,Odesa,46.463936,30.73855,0.0,1001.553
80,Kampala,0.3155556,32.565556,0.0,1353.236
81,Phoenix,33.448334,-112.07333,0.0,1428.509
81,Los A57eles,34.052223,-118.242775,0.0,3877.129
81,San Diego,32.71528,-117.15639,0.0,1287.05
81,Chicago,41.85,-87.65,0.0,2841.952
81,New York,40.71417,-74.006386,0.0,8107.916
81,Philadelphia,39.95222,-75.16417,0.0,1453.268
81,Dallas,32.783333,-96.8,0.0,1211.704
81,Ho81ton,29.763056,-95.36305,0.0,2027.712
81,San Antonio,29.42389,-98.49333,0.0,1256.81
82,Montev37eo,-34.858055,-56.170834,0.0,1305.865
83,Tashkent,41.316666,69.25,0.0,1978.078
84,Caracas,10.5,-66.916664,0.0,1815.681
84,Maracaibo,10.631667,-71.64056,0.0,1948.269
84,Valencia,10.180555,-68.00389,0.0,1385.202
85,Hanoi,21.033333,105.85,0.0,1431.377
85,Ha Noi,21.033333,105.85,0.0,1431.377
85,Ho Chi Minh City,10.75,106.666664,0.0,3467.426
86,Cape Town,-33.92584,18.423218,0.0,3433.504
86,Durban,-29.857897,31.029198,0.0,3120.34
86,Johannesburg,-26.205172,28.049814,0.0,2026.466
86,Pretoria,-25.706944,28.229445,0.0,1619.485
86,Soweto,-26.267813,27.858492,0.0,1695.094
87,L81aka,-15.416667,28.283333,0.0,1267.458
88,Harare,-17.817778,31.044722,0.0,2213.701
